<?xml version="1.0" encoding="utf-8" ?>
<!DOCTYPE article PUBLIC "-//NLM//DTD JATS (Z39.96) Journal Archiving
and Interchange DTD v1.2 20190208//EN" "JATS-archivearticle1.dtd">

<article xmlns:mml="http://www.w3.org/1998/Math/MathML" xmlns:xlink="http://www.w3.org/1999/xlink" dtd-version="1.2" article-type="other">

<front>


<article-meta>


<title-group>
<article-title>Microplastic classification</article-title>
</title-group>

<contrib-group>
<contrib contrib-type="author">
<contrib-id contrib-id-type="orcid">0009-0005-4889-3412</contrib-id>
<name>
<surname>Gallardo</surname>
<given-names>Vera Gómez-Limón</given-names>
</name>
<string-name>Vera Gómez-Limón Gallardo</string-name>

<xref ref-type="aff" rid="aff-1">a</xref>
</contrib>
</contrib-group>
<aff id="aff-1">
<institution-wrap>
<institution>Surfing for Science</institution>
</institution-wrap>







</aff>









<history></history>






</article-meta>

</front>

<body>
<sec id="introduction">
  <title>Introduction</title>
  <p>I try to classify microplastics found in rivers sea to determine
  their source.</p>
</sec>
</body>

<back>
</back>

<!-- (F2ED4C6E)[nb-1]:/home/runner/work/microplastic-classification/microplastic-classification/notebooks/1-explore-tidymodels.qmd -->

</article>