{
  "hash": "f4b41683e10f0503a5ed7379fc01af6e",
  "result": {
    "engine": "knitr",
    "markdown": "---\ntitle: \"Explore the data\"\nformat: html\n---\n\n\n::: {.cell}\n\n```{.r .cell-code .hidden}\nlibrary(tidyverse)\n```\n\n::: {.cell-output .cell-output-stderr .hidden}\n\n```\n── Attaching core tidyverse packages ──────────────────────── tidyverse 2.0.0 ──\n✔ dplyr     1.1.4     ✔ readr     2.1.5\n✔ forcats   1.0.0     ✔ stringr   1.5.1\n✔ ggplot2   3.5.2     ✔ tibble    3.3.0\n✔ lubridate 1.9.4     ✔ tidyr     1.3.1\n✔ purrr     1.0.4     \n── Conflicts ────────────────────────────────────────── tidyverse_conflicts() ──\n✖ dplyr::filter() masks stats::filter()\n✖ dplyr::lag()    masks stats::lag()\nℹ Use the conflicted package (<http://conflicted.r-lib.org/>) to force all conflicts to become errors\n```\n\n\n:::\n\n```{.r .cell-code .hidden}\ndata <- read_rds(\"data/plastics.rds\")\n```\n:::\n\n\n\n::: {.cell}\n\n```{.r .cell-code .hidden}\ndata |> count()\n```\n\n::: {.cell-output .cell-output-stdout}\n\n```\n# A tibble: 1 × 1\n       n\n   <int>\n1 182176\n```\n\n\n:::\n:::\n\n\n::: {.cell}\n\n```{.r .cell-code .hidden}\ndata |> count(group)\n```\n\n::: {.cell-output .cell-output-stdout}\n\n```\n# A tibble: 8 × 2\n  group        n\n  <fct>    <int>\n1 turf      2487\n2 filament  5569\n3 film     48399\n4 foam     14298\n5 fragment 91492\n6 pellet   11191\n7 spherule  7956\n8 other      784\n```\n\n\n:::\n:::\n\n\n\n::: {#cell-fig-count .cell}\n\n```{.r .cell-code .hidden}\n#| label: fig-count\n\ndata |> ggplot(aes(group)) +\n  geom_bar()\n```\n\n::: {.cell-output-display}\n![](2-explore-data_files/figure-html/fig-count-1.png){#fig-count width=672}\n:::\n:::\n\n\n\n::: {.cell}\n\n```{.r .cell-code .hidden}\ndata |> ggplot(aes(group, area)) +\n  geom_violin() +\n  scale_y_log10()\n```\n\n::: {.cell-output-display}\n![](2-explore-data_files/figure-html/unnamed-chunk-4-1.png){width=672}\n:::\n:::\n\n\n\n::: {.cell}\n\n```{.r .cell-code .hidden}\ndata |> ggplot(aes(group, feret)) +\n  geom_violin() +\n  scale_y_log10()\n```\n\n::: {.cell-output-display}\n![](2-explore-data_files/figure-html/unnamed-chunk-5-1.png){width=672}\n:::\n:::\n\n\n\n::: {.cell}\n\n```{.r .cell-code .hidden}\ndata |> ggplot(aes(group, min_feret)) +\n  geom_violin() +\n  scale_y_log10()\n```\n\n::: {.cell-output-display}\n![](2-explore-data_files/figure-html/unnamed-chunk-6-1.png){width=672}\n:::\n:::\n\n\n\n::: {.cell}\n\n```{.r .cell-code .hidden}\ndata |> ggplot(aes(group, ar)) +\n  geom_violin()\n```\n\n::: {.cell-output-display}\n![](2-explore-data_files/figure-html/unnamed-chunk-7-1.png){width=672}\n:::\n:::\n\n\n\n::: {.cell}\n\n```{.r .cell-code .hidden}\ndata |> ggplot(aes(group, round)) +\n  geom_violin()\n```\n\n::: {.cell-output-display}\n![](2-explore-data_files/figure-html/unnamed-chunk-8-1.png){width=672}\n:::\n:::\n\n\n\n::: {.cell}\n\n```{.r .cell-code .hidden}\ndata |> ggplot(aes(group, solidity)) +\n  geom_violin()\n```\n\n::: {.cell-output-display}\n![](2-explore-data_files/figure-html/unnamed-chunk-9-1.png){width=672}\n:::\n:::\n\n\n\n::: {.cell}\n\n```{.r .cell-code .hidden}\ndata |> ggplot(aes(group, color_sd)) +\n  geom_violin()\n```\n\n::: {.cell-output-display}\n![](2-explore-data_files/figure-html/unnamed-chunk-10-1.png){width=672}\n:::\n:::\n\n\n\n::: {.cell}\n\n```{.r .cell-code .hidden}\ndata |> ggplot(aes(group, fill = color_nature)) +\n  geom_bar(position = \"fill\")\n```\n\n::: {.cell-output-display}\n![](2-explore-data_files/figure-html/unnamed-chunk-11-1.png){width=672}\n:::\n:::\n\n\n",
    "supporting": [
      "2-explore-data_files"
    ],
    "filters": [
      "rmarkdown/pagebreak.lua"
    ],
    "includes": {},
    "engineDependencies": {},
    "preserve": {},
    "postProcess": true
  }
}